,Dependents,Education,ApplicantIncome,CoapplicantIncome,LoanAmount,Loan_Amount_Term,Credit_History,Property_Area,Gender_Male,Married_Yes,Self_Employed_Yes,Loan_Status_Y,Job_Type_Government,Job_Type_Private,Job_Type_Private ,Income_Tax_Yes,Total_income
0,0,1,52000,0.0,146.41216216216216,360.0,1.0,3,1,0,0,1,0,1,0,1,52000.0
1,1,1,30760,1508.0,128.0,360.0,1.0,1,1,1,0,0,1,0,0,0,32268.0
2,0,1,60000,0.0,66.0,360.0,1.0,3,1,1,1,1,0,1,0,1,60000.0
3,0,0,42300,2358.0,120.0,360.0,1.0,3,1,1,0,1,0,0,0,1,44658.0
4,0,1,20000,0.0,141.0,360.0,1.0,3,1,0,0,1,1,0,0,0,20000.0
5,2,1,32333,4196.0,267.0,360.0,1.0,3,1,1,1,1,0,1,0,0,36529.0
6,0,0,55000,1516.0,95.0,360.0,1.0,3,1,1,0,1,0,0,0,1,56516.0
7,3,1,41256,2504.0,158.0,360.0,0.0,2,1,1,0,0,1,0,0,0,43760.0
8,2,1,13633,1526.0,168.0,360.0,1.0,3,1,1,0,1,1,0,0,0,15159.0
9,1,1,34000,10968.0,349.0,360.0,1.0,2,1,1,0,0,1,0,0,0,44968.0
10,2,1,45000,700.0,70.0,360.0,1.0,3,1,1,0,1,0,1,0,1,45700.0
11,2,1,25200,1840.0,109.0,360.0,1.0,3,1,1,0,1,0,1,0,0,27040.0
12,2,1,72000,8106.0,200.0,360.0,1.0,3,1,1,0,1,0,1,0,1,80106.0
13,0,1,84000,2840.0,114.0,360.0,1.0,1,1,0,0,0,0,1,0,1,86840.0
14,2,1,46000,1086.0,17.0,120.0,1.0,3,1,1,0,1,1,0,0,0,47086.0
15,0,1,56600,0.0,125.0,360.0,1.0,3,1,0,0,1,0,1,0,1,56600.0
16,1,0,38200,0.0,100.0,240.0,0.8421985815602837,3,1,0,0,1,0,0,0,0,38200.0
17,0,1,33000,0.0,76.0,360.0,0.0,3,0,0,0,0,1,0,0,0,33000.0
18,0,0,88000,0.0,133.0,360.0,1.0,1,1,1,0,0,0,0,0,1,88000.0
19,0,1,54123,3500.0,115.0,342.0,1.0,3,1,1,0,1,1,0,0,0,57623.0
20,0,0,65000,0.0,104.0,360.0,0.0,3,1,1,0,0,0,0,0,1,65000.0
21,1,1,32000,5625.0,315.0,360.0,1.0,3,1,1,0,1,0,1,0,0,37625.0
22,0,0,15000,1911.0,116.0,360.0,0.0,2,1,1,0,0,0,0,0,0,16911.0
23,2,0,34789,1917.0,112.0,360.0,0.0,1,1,1,0,0,0,0,0,0,36706.0
24,1,1,54210,2925.0,151.0,360.0,0.8421985815602837,2,1,1,0,0,1,0,0,0,57135.0
25,0,1,54988,0.0,191.0,360.0,1.0,2,1,1,1,1,1,0,0,0,54988.0
26,0,1,45698,2253.0,122.0,360.0,1.0,2,1,1,0,1,1,0,0,0,47951.0
27,2,0,75000,1040.0,110.0,360.0,1.0,3,1,1,0,1,0,0,0,1,76040.0
28,0,0,87999,0.0,35.0,360.0,1.0,3,1,0,0,0,0,0,0,1,87999.0
29,2,1,43000,2083.0,120.0,360.0,1.0,2,0,0,0,1,0,1,0,1,45083.0
30,1,1,23008,3369.0,201.0,360.0,0.8421985815602837,3,1,1,0,0,0,1,0,0,26377.0
31,0,1,45000,0.0,74.0,360.0,1.0,3,1,0,0,0,0,1,0,1,45000.0
32,1,1,67980,0.0,106.0,360.0,1.0,1,1,0,1,0,0,1,0,1,67980.0
33,0,1,32900,1667.0,114.0,360.0,1.0,2,1,1,0,1,1,0,0,0,34567.0
34,3,1,42890,3000.0,320.0,360.0,1.0,1,1,0,0,0,1,0,0,0,45890.0
35,0,1,31500,2067.0,146.41216216216216,360.0,1.0,3,1,1,0,1,0,1,0,0,33567.0
36,0,1,48970,1330.0,100.0,342.0,0.0,3,1,1,0,0,1,0,0,0,50300.0
37,0,1,22670,1459.0,144.0,360.0,1.0,2,0,1,0,1,0,1,0,0,24129.0
38,0,1,32980,7210.0,184.0,360.0,1.0,3,1,0,0,1,0,1,0,0,40190.0
39,0,0,87540,1668.0,110.0,360.0,1.0,2,1,0,0,1,0,0,0,1,89208.0
40,0,1,56000,0.0,80.0,360.0,1.0,3,1,0,0,0,1,0,0,0,56000.0
41,0,1,32908,1213.0,47.0,360.0,1.0,3,1,0,0,1,1,0,0,0,34121.0
42,0,1,45000,0.0,75.0,360.0,0.8421985815602837,3,1,1,0,1,0,1,0,0,45000.0
43,0,1,55670,2336.0,134.0,360.0,1.0,2,1,1,0,1,0,1,0,1,58006.0
44,0,0,36660,0.0,96.0,342.0,1.0,3,1,1,1,1,0,0,0,0,36660.0
45,0,1,43000,0.0,88.0,342.0,1.0,3,0,0,0,1,0,1,0,1,43000.0
46,1,1,41630,0.0,44.0,360.0,1.0,3,1,1,0,1,0,1,0,1,41630.0
47,0,1,23560,0.0,144.0,360.0,1.0,3,1,1,0,1,0,1,0,0,23560.0
48,0,1,67920,3440.0,120.0,360.0,0.0,3,0,1,0,0,1,0,0,0,71360.0
49,0,1,80000,2275.0,144.0,360.0,1.0,2,0,0,0,1,1,0,0,0,82275.0
50,0,0,25000,1644.0,100.0,360.0,1.0,2,0,1,0,1,0,0,0,0,26644.0
51,0,1,35000,0.0,120.0,360.0,1.0,2,0,0,0,1,0,1,0,0,35000.0
52,0,1,42000,0.0,112.0,360.0,1.0,2,0,0,0,0,1,0,0,0,42000.0
53,2,1,65300,0.0,134.0,360.0,1.0,3,1,1,0,0,0,1,0,1,65300.0
54,1,1,53978,0.0,286.0,360.0,0.0,3,0,1,1,0,1,0,0,0,53978.0
55,2,1,75987,1167.0,97.0,360.0,1.0,2,1,1,0,1,1,0,0,0,77154.0
56,0,1,32000,1591.0,96.0,360.0,1.0,2,1,1,0,1,1,0,0,0,33591.0
57,0,1,36130,2200.0,135.0,360.0,1.0,1,1,1,0,0,0,1,0,0,38330.0
58,1,1,47895,2250.0,180.0,360.0,1.0,3,1,1,0,1,0,1,0,1,50145.0
59,2,0,47238,2859.0,144.0,360.0,1.0,3,1,1,0,1,0,0,0,1,50097.0
60,0,1,65498,3796.0,120.0,360.0,1.0,3,1,1,0,1,1,0,0,0,69294.0
61,3,1,70160,0.0,99.0,360.0,1.0,3,1,1,0,1,0,1,0,1,70160.0
62,0,0,49680,3449.0,165.0,180.0,0.0,1,1,1,1,0,0,0,0,1,53129.0
63,1,1,21010,0.0,146.41216216216216,360.0,0.0,1,1,1,0,0,1,0,0,0,21010.0
64,0,1,44900,0.0,116.0,360.0,0.0,2,0,0,0,0,1,0,0,0,44900.0
65,0,1,47000,4595.0,258.0,360.0,1.0,2,1,1,0,0,0,1,0,1,51595.0
66,0,0,29870,2254.0,126.0,180.0,0.0,3,1,0,0,0,0,0,0,0,32124.0
67,1,1,34450,0.0,312.0,360.0,1.0,3,1,1,0,1,0,1,0,0,34450.0
68,3,0,76660,0.0,125.0,60.0,1.0,3,1,1,1,1,0,0,0,1,76660.0
69,0,1,67806,0.0,136.0,360.0,0.0,2,0,0,0,0,0,1,0,1,67806.0
70,0,1,32850,3066.0,172.0,360.0,1.0,3,1,1,0,1,0,1,0,0,35916.0
71,2,0,44630,1875.0,97.0,360.0,1.0,2,1,1,1,1,0,0,0,1,46505.0
72,0,1,40830,0.0,81.0,300.0,1.0,2,1,0,0,1,1,0,0,0,40830.0
73,3,0,39000,0.0,95.0,342.0,0.0,2,1,1,0,0,0,0,0,0,39000.0
74,3,1,47500,1774.0,187.0,360.0,1.0,2,1,1,1,1,1,0,0,0,49274.0
75,0,1,56780,0.0,113.0,480.0,1.0,3,1,0,0,0,1,0,0,0,56780.0
76,0,1,31890,4750.0,176.0,360.0,1.0,3,1,0,0,0,0,1,0,0,36640.0
77,1,1,63560,3022.0,110.0,360.0,1.0,3,1,1,1,0,0,1,0,1,66582.0
78,3,1,34130,4000.0,180.0,300.0,0.0,2,1,1,0,0,0,1,0,0,38130.0
79,3,0,79500,2166.0,130.0,360.0,0.8421985815602837,2,1,1,1,1,0,0,0,1,81666.0
80,0,1,54390,0.0,111.0,360.0,1.0,2,0,0,0,1,1,0,0,0,54390.0
81,1,1,72529,0.0,146.41216216216216,360.0,1.0,2,1,1,1,1,1,0,0,0,72529.0
82,2,1,41390,1881.0,167.0,360.0,1.0,3,0,1,0,0,1,0,0,0,43271.0
83,0,1,84449,2250.0,265.0,360.0,0.8421985815602837,2,1,1,0,0,1,0,0,0,86699.0
84,1,1,44560,0.0,50.0,240.0,1.0,3,1,1,0,1,0,1,0,1,44560.0
85,0,1,46320,2531.0,136.0,360.0,1.0,2,1,0,0,1,0,1,0,1,48851.0
86,2,0,35710,2000.0,99.0,360.0,0.8421985815602837,2,1,1,0,1,0,0,0,0,37710.0
87,0,1,30660,2118.0,104.0,360.0,1.0,2,1,1,0,1,0,1,0,0,32778.0
88,0,1,32350,0.0,210.0,360.0,1.0,3,1,0,0,1,0,1,0,0,32350.0
89,0,1,50580,4167.0,175.0,360.0,1.0,2,1,1,0,1,1,0,0,0,54747.0
90,0,1,31880,2900.0,131.0,360.0,1.0,2,1,1,0,1,1,0,0,0,34780.0
91,2,1,67800,5654.0,188.0,180.0,1.0,2,1,1,0,1,1,0,0,0,73454.0
92,2,0,34570,1820.0,81.0,360.0,1.0,3,1,1,0,1,0,0,0,0,36390.0
93,0,1,47650,0.0,122.0,360.0,1.0,2,1,0,0,1,1,0,0,0,47650.0
94,0,0,46090,0.0,25.0,120.0,1.0,2,1,0,0,1,0,0,0,1,46090.0
95,0,1,62600,0.0,146.41216216216216,360.0,0.8421985815602837,3,1,0,0,0,0,1,0,1,62600.0
96,0,1,43980,2302.0,137.0,360.0,1.0,2,0,1,0,1,0,1,0,1,46282.0
97,0,1,35000,997.0,50.0,360.0,1.0,2,1,1,0,1,0,1,0,0,35997.0
98,0,0,97190,0.0,115.0,180.0,1.0,2,1,1,0,1,0,0,0,1,97190.0
99,0,1,68035,3541.0,131.0,360.0,1.0,2,1,1,0,1,1,0,0,0,71576.0
100,2,0,44520,3263.0,133.0,180.0,1.0,3,1,1,0,1,0,0,0,1,47783.0
101,0,1,22620,3806.0,151.0,360.0,1.0,2,1,0,0,1,1,0,0,0,26426.0
102,0,1,39010,0.0,146.41216216216216,360.0,1.0,3,1,1,0,1,0,1,0,0,39010.0
103,0,1,27890,3583.0,146.41216216216216,360.0,1.0,2,1,1,0,1,0,1,0,0,31473.0
104,0,1,22430,754.0,160.0,360.0,1.0,3,1,1,0,1,1,0,0,0,23184.0
105,1,1,34170,1030.0,100.0,360.0,1.0,3,1,1,0,1,0,1,0,0,35200.0
106,2,1,15987,1126.0,225.0,360.0,1.0,3,1,1,0,1,1,0,0,0,17113.0
107,0,0,45130,0.0,120.0,360.0,1.0,1,1,0,0,0,0,0,0,1,45130.0
108,2,1,45000,3600.0,216.0,360.0,0.0,3,1,1,0,0,0,1,0,1,48600.0
109,3,0,45230,754.0,94.0,480.0,1.0,2,1,1,0,1,0,0,0,1,45984.0
110,0,1,47420,0.0,136.0,360.0,1.0,3,1,0,0,1,1,0,0,0,47420.0
111,0,1,40820,2333.0,139.0,360.0,1.0,2,0,1,0,1,0,1,0,1,43153.0
112,0,0,34170,4114.0,152.0,342.0,0.0,1,1,1,0,0,0,0,0,0,38284.0
113,1,1,29220,0.0,146.41216216216216,360.0,1.0,2,0,0,1,1,1,0,0,0,29220.0
114,0,1,49800,0.0,118.0,360.0,1.0,2,1,0,0,1,1,0,0,0,49800.0
115,1,1,42430,0.0,185.0,180.0,1.0,1,1,1,0,1,1,0,0,0,42430.0
116,0,1,65499,2283.0,154.0,360.0,1.0,2,0,1,0,1,0,1,0,1,67782.0
117,1,1,43000,1398.0,85.0,360.0,0.8421985815602837,3,1,1,0,1,0,1,0,1,44398.0
118,0,1,17620,2142.0,175.0,360.0,1.0,1,1,1,0,0,0,1,0,0,19762.0
119,0,1,72400,0.0,259.0,360.0,1.0,3,0,0,0,1,0,1,0,1,72400.0
120,0,1,31450,2667.0,180.0,360.0,1.0,1,1,1,0,1,1,0,0,0,34117.0
121,0,1,23300,0.0,44.0,360.0,1.0,2,0,0,0,1,0,1,0,0,23300.0
122,0,1,33500,8980.0,137.0,360.0,0.0,2,0,0,0,1,0,1,0,0,42480.0
123,2,1,25000,0.0,81.0,360.0,1.0,2,1,1,0,1,1,0,0,0,25000.0
124,0,0,12500,2014.0,194.0,360.0,1.0,1,1,1,0,1,0,0,0,0,14514.0
125,0,1,46670,0.0,93.0,360.0,0.8421985815602837,1,0,0,0,1,1,0,0,0,46670.0
126,3,1,65500,0.0,370.0,360.0,1.0,1,1,1,0,1,0,0,0,1,65500.0
127,0,1,75000,1640.0,146.41216216216216,360.0,1.0,1,1,0,0,1,0,1,0,1,76640.0
128,1,1,56487,3850.0,160.0,180.0,0.0,3,1,1,1,0,0,1,0,1,60337.0
129,0,1,33242,2569.0,182.0,360.0,0.8421985815602837,1,1,1,0,0,1,0,0,0,35811.0
130,0,1,33908,0.0,650.0,480.0,0.8421985815602837,3,1,0,1,1,0,1,0,0,33908.0
131,0,1,67950,1929.0,74.0,360.0,1.0,3,1,0,0,1,1,0,0,0,69879.0
132,0,1,56829,0.0,70.0,360.0,1.0,2,1,0,0,1,0,1,0,1,56829.0
133,0,1,23340,0.0,25.0,120.0,1.0,2,1,1,1,1,1,0,0,0,23340.0
134,0,1,40000,0.0,102.0,360.0,1.0,2,1,0,0,1,0,1,0,0,40000.0
135,3,1,42580,7750.0,290.0,360.0,1.0,2,1,1,0,0,0,1,0,1,50330.0
136,0,1,45000,0.0,84.0,360.0,1.0,1,0,1,0,0,1,0,0,0,45000.0
137,2,1,20190,3500.0,88.0,360.0,1.0,3,1,1,1,1,1,0,0,0,23690.0
138,0,1,33908,0.0,242.0,360.0,0.0,2,1,0,0,0,0,1,0,0,33908.0
139,2,0,41908,1430.0,129.0,360.0,1.0,1,1,1,0,0,0,0,0,1,43338.0
140,2,1,47290,2083.0,185.0,360.0,1.0,1,1,1,0,0,0,1,0,1,49373.0
141,0,1,30890,0.0,168.0,360.0,1.0,3,1,0,0,1,1,0,0,0,30890.0
142,0,1,67940,0.0,175.0,180.0,1.0,2,1,0,1,1,1,0,0,0,67940.0
143,0,1,32000,2034.0,122.0,360.0,1.0,2,1,1,0,1,0,1,0,0,34034.0
144,2,1,12300,0.0,187.0,180.0,1.0,3,1,1,0,1,0,1,0,0,12300.0
145,0,1,12941,4486.0,100.0,360.0,1.0,2,0,1,0,1,0,1,0,0,17427.0
146,2,1,76490,0.0,70.0,360.0,1.0,3,0,1,0,1,0,1,0,1,76490.0
147,1,1,32980,1425.0,30.0,360.0,1.0,3,1,1,0,1,1,0,0,0,34405.0
148,0,1,40356,1666.0,225.0,360.0,1.0,1,0,0,0,0,1,0,0,0,42022.0
149,0,1,60156,830.0,125.0,360.0,1.0,2,1,1,0,1,1,0,0,0,60986.0
150,0,1,30731,0.0,118.0,360.0,0.0,1,1,0,0,0,0,1,0,0,30731.0
151,0,1,22783,3750.0,152.0,360.0,1.0,1,1,1,1,1,0,1,0,0,26533.0
152,0,1,55000,0.0,244.0,360.0,1.0,3,1,0,0,0,1,0,0,0,55000.0
153,2,0,24963,0.0,113.0,360.0,1.0,1,1,1,0,0,0,0,0,1,24963.0
154,0,1,39855,0.0,50.0,360.0,1.0,3,1,0,0,1,0,1,0,0,39855.0
155,3,1,15799,0.0,600.0,180.0,0.0,2,1,1,0,1,0,0,0,0,15799.0
156,1,1,42246,0.0,160.0,360.0,0.8421985815602837,1,1,1,0,1,1,0,0,0,42246.0
157,1,1,43333,0.0,187.0,360.0,1.0,3,1,1,0,1,0,1,0,1,43333.0
158,0,1,58233,2083.0,120.0,360.0,1.0,1,1,0,0,1,1,0,0,0,60316.0
159,0,1,72895,5625.0,255.0,360.0,1.0,2,1,1,0,1,0,0,0,1,78520.0
160,0,0,42150,1041.0,98.0,360.0,1.0,2,1,1,0,1,1,0,0,0,43191.0
161,0,1,29664,0.0,275.0,360.0,1.0,3,1,1,0,0,1,0,0,0,29664.0
162,1,1,55083,1280.0,121.0,360.0,0.0,2,1,1,0,0,1,0,0,0,56363.0
163,2,1,12708,1447.0,158.0,360.0,1.0,1,1,1,0,1,0,1,0,0,14155.0
164,0,1,31580,0.0,75.0,180.0,1.0,3,1,1,0,1,0,1,0,0,31580.0
165,0,1,42268,3166.0,182.0,342.0,1.0,1,1,1,0,1,0,0,0,1,45434.0
166,0,1,50141,0.0,112.0,360.0,1.0,1,0,1,0,0,0,0,0,1,50141.0
167,0,1,63042,3333.0,129.0,360.0,1.0,1,1,1,0,1,1,0,0,0,66375.0
168,0,1,17560,0.0,63.0,480.0,0.0,2,1,0,0,0,1,0,0,0,17560.0
169,2,1,38564,0.0,200.0,360.0,1.0,2,1,1,0,1,0,1,0,0,38564.0
170,0,0,39858,1769.0,95.0,360.0,1.0,1,1,1,0,1,0,1,0,0,41627.0
171,3,1,44083,0.0,700.0,300.0,1.0,3,1,1,0,1,0,0,0,1,44083.0
172,3,0,55225,0.0,81.0,180.0,1.0,1,1,1,0,0,1,0,0,0,55225.0
173,0,1,80017,5625.0,187.0,360.0,1.0,2,1,1,0,1,0,1,0,1,85642.0
174,0,0,74931,736.0,87.0,360.0,1.0,2,1,1,1,0,0,0,0,1,75667.0
175,0,1,49812,1964.0,116.0,360.0,1.0,1,1,1,0,1,1,0,0,0,51776.0
176,2,1,25080,1619.0,101.0,360.0,1.0,1,1,1,0,1,0,0,0,0,26699.0
177,3,1,42918,11300.0,495.0,360.0,0.0,2,1,1,0,0,1,0,0,0,54218.0
178,1,1,58128,0.0,116.0,360.0,1.0,2,1,1,0,1,1,0,0,0,58128.0
179,0,0,15312,1451.0,102.0,480.0,0.0,3,1,0,0,0,0,1,0,0,16763.0
180,1,1,39858,7250.0,180.0,360.0,0.0,3,1,1,0,0,1,0,0,0,47108.0
181,0,1,48334,5063.0,67.0,360.0,0.8421985815602837,1,1,0,0,0,0,1,0,1,53397.0
182,0,1,47358,0.0,73.0,180.0,1.0,2,1,1,0,1,0,1,0,1,47358.0
183,1,1,40080,0.0,260.0,360.0,1.0,2,1,1,0,0,1,0,0,0,40080.0
184,0,1,10166,0.0,108.0,360.0,1.0,2,0,1,0,1,1,0,0,0,10166.0
185,0,1,44883,4750.0,120.0,360.0,1.0,2,1,1,1,1,0,0,0,1,49633.0
186,1,1,84521,0.0,66.0,300.0,0.0,1,1,1,1,0,0,0,0,1,84521.0
187,0,1,91867,2138.0,58.0,360.0,0.8421985815602837,1,1,1,0,1,0,1,0,1,94005.0
188,0,1,93083,5296.0,168.0,360.0,1.0,1,1,1,1,1,0,0,0,1,98379.0
189,0,1,78874,0.0,188.0,180.0,1.0,1,1,1,0,1,1,0,0,0,78874.0
190,0,0,43833,0.0,48.0,360.0,1.0,1,1,0,0,1,1,0,0,0,43833.0
191,0,1,49083,0.0,164.0,360.0,1.0,2,1,0,0,0,0,1,0,1,49083.0
192,0,0,37885,0.0,160.0,360.0,1.0,3,1,1,0,0,0,0,0,0,37885.0
193,0,1,92654,0.0,76.0,360.0,1.0,2,1,0,0,1,0,0,0,1,92654.0
194,0,1,10000,0.0,120.0,360.0,1.0,1,1,0,0,1,1,0,0,0,10000.0
195,1,1,58833,2583.0,170.0,360.0,1.0,2,1,1,0,0,1,0,0,0,61416.0
196,0,1,84796,3750.0,187.0,360.0,1.0,1,1,0,0,1,0,1,0,1,88546.0
197,0,0,20800,2365.0,120.0,342.0,1.0,3,0,0,0,1,0,0,0,0,23165.0
198,0,1,25840,2816.0,113.0,360.0,0.8421985815602837,2,0,1,0,1,1,0,0,0,28656.0
199,0,1,81900,0.0,83.0,360.0,1.0,3,1,0,1,0,1,0,0,0,81900.0
200,1,0,88706,2500.0,90.0,360.0,1.0,2,1,1,0,1,0,1,0,1,91206.0
201,2,1,72855,0.0,166.0,360.0,0.0,2,1,0,0,1,0,0,0,1,72855.0
202,3,0,38016,0.0,146.41216216216216,180.0,1.0,3,1,1,0,0,0,1,0,0,38016.0
203,1,0,93159,1083.0,135.0,360.0,1.0,3,1,1,0,1,0,1,0,1,94242.0
204,2,0,19937,0.0,124.0,360.0,1.0,2,1,1,0,1,1,0,0,0,19937.0
205,0,0,26193,0.0,120.0,360.0,1.0,2,0,0,0,1,0,1,0,0,26193.0
206,0,1,48960,0.0,80.0,360.0,1.0,3,0,0,0,1,1,0,0,0,48960.0
207,0,0,63074,2531.0,55.0,360.0,1.0,1,1,0,0,1,0,1,0,1,65605.0
208,0,1,42183,0.0,59.0,360.0,1.0,3,1,0,0,1,0,1,0,1,42183.0
209,0,1,20838,0.0,127.0,360.0,1.0,2,1,0,0,0,0,0,0,0,20838.0
210,0,1,23862,0.0,214.0,360.0,1.0,2,0,0,0,0,1,0,0,0,23862.0
211,3,1,53383,1250.0,128.0,360.0,0.0,2,1,1,0,0,1,0,0,0,54633.0
212,1,1,53584,0.0,240.0,360.0,1.0,3,1,1,1,1,1,0,0,0,53584.0
213,3,0,57808,0.0,130.0,360.0,1.0,1,1,1,1,1,0,1,0,1,57808.0
214,0,1,93754,3021.0,137.0,360.0,1.0,3,1,1,0,1,0,0,0,1,96775.0
215,3,0,92914,983.0,100.0,360.0,1.0,2,1,1,0,1,0,0,0,1,93897.0
216,0,1,94747,1800.0,135.0,360.0,1.0,1,1,1,0,0,0,0,0,1,96547.0
217,0,1,78830,1775.0,131.0,360.0,1.0,2,1,1,0,1,1,0,0,0,80605.0
218,2,1,87830,0.0,72.0,360.0,0.0,2,1,1,0,0,0,1,0,1,87830.0
219,2,1,54543,2383.0,127.0,360.0,0.8421985815602837,2,0,1,0,1,1,0,0,0,56926.0
220,0,1,45876,0.0,60.0,360.0,0.0,3,1,1,0,0,0,1,0,1,45876.0
221,2,1,73876,1717.0,116.0,360.0,1.0,2,1,1,0,1,0,0,0,1,75593.0
222,0,1,85690,2791.0,144.0,360.0,1.0,2,1,0,0,1,0,0,0,1,88481.0
223,0,1,69453,1010.0,175.0,342.0,1.0,2,1,1,0,1,1,0,0,0,70463.0
224,0,1,76543,0.0,128.0,360.0,1.0,2,1,1,0,1,0,1,0,1,76543.0
225,0,1,95030,0.0,170.0,360.0,1.0,1,1,1,0,0,1,0,0,0,95030.0
226,0,0,39087,0.0,138.0,360.0,1.0,3,1,1,1,0,0,1,0,0,39087.0
227,2,1,97836,1695.0,210.0,360.0,1.0,2,1,1,0,1,0,1,0,1,99531.0
228,0,1,64893,0.0,158.0,480.0,1.0,2,1,1,0,1,1,0,0,0,64893.0
229,0,1,87456,0.0,200.0,360.0,1.0,1,1,0,1,1,0,0,0,1,87456.0
230,1,1,27865,2054.0,104.0,360.0,1.0,2,1,1,0,1,0,1,0,0,29919.0
231,0,1,95839,0.0,42.0,180.0,1.0,1,1,1,0,1,1,0,0,0,95839.0
232,0,0,67830,2598.0,120.0,342.0,1.0,1,1,0,0,1,0,1,0,1,70428.0
233,0,1,76758,0.0,280.0,360.0,1.0,2,0,0,0,1,0,1,0,1,76758.0
234,1,1,50980,1779.0,140.0,360.0,1.0,2,1,1,0,1,1,0,0,0,52759.0
235,1,1,87848,1260.0,170.0,360.0,1.0,1,1,1,0,1,0,1,0,1,89108.0
236,0,1,78830,0.0,255.0,360.0,0.8421985815602837,3,1,1,0,0,0,1,0,1,78830.0
237,0,1,89741,0.0,122.0,360.0,0.8421985815602837,3,0,0,1,1,0,0,0,1,89741.0
238,1,1,72830,0.0,112.0,360.0,1.0,1,0,0,0,1,0,0,0,1,72830.0
239,1,1,59800,0.0,96.0,360.0,1.0,2,1,1,0,1,1,0,0,0,59800.0
240,2,1,19870,5000.0,120.0,360.0,1.0,1,1,1,0,1,0,0,0,0,24870.0
241,1,0,43630,1983.0,140.0,180.0,1.0,3,1,1,0,0,1,0,0,0,45613.0
242,0,1,74400,5701.0,155.0,60.0,1.0,3,1,0,0,1,1,0,0,0,80101.0
243,2,1,34987,1300.0,108.0,360.0,1.0,1,1,1,1,1,0,1,0,0,36287.0
244,0,0,23030,4417.0,123.0,360.0,1.0,2,1,1,0,1,0,0,0,0,27447.0
245,0,1,39876,4333.0,120.0,180.0,1.0,3,1,0,1,0,0,1,0,0,44209.0
246,2,1,87650,0.0,112.0,360.0,1.0,3,1,1,0,1,0,1,0,1,87650.0
247,1,0,27480,0.0,137.0,180.0,1.0,3,1,1,0,1,0,1,0,0,27480.0
248,1,1,87450,1843.0,123.0,480.0,1.0,2,1,1,0,1,0,0,0,1,89293.0
249,0,1,70954,1868.0,90.0,360.0,1.0,3,1,1,0,1,1,0,0,0,72822.0
250,0,0,56089,3890.0,201.0,360.0,0.0,2,1,1,0,0,1,0,0,0,59979.0
251,2,1,97830,0.0,138.0,360.0,1.0,3,0,0,0,0,0,1,0,1,97830.0
252,0,0,78309,2167.0,104.0,360.0,1.0,1,1,0,1,1,0,1,0,1,80476.0
253,1,0,87456,7101.0,279.0,180.0,1.0,2,1,1,0,1,1,0,0,0,94557.0
254,0,1,54053,0.0,192.0,360.0,0.0,3,1,0,1,0,1,0,0,0,54053.0
255,3,1,56934,0.0,255.0,360.0,1.0,1,0,0,0,1,1,0,0,0,56934.0
256,0,0,38769,0.0,115.0,360.0,0.0,1,1,0,0,0,0,1,0,0,38769.0
257,3,1,28760,0.0,94.0,360.0,1.0,3,1,1,0,0,0,1,0,0,28760.0
258,0,1,10876,2100.0,304.0,360.0,1.0,1,1,1,0,0,1,0,0,0,12976.0
259,3,0,83482,0.0,128.0,360.0,0.8421985815602837,2,1,1,0,0,0,1,0,1,83482.0
260,1,1,49876,4250.0,330.0,360.0,0.8421985815602837,3,1,1,0,1,0,0,0,1,54126.0
261,0,1,72987,2209.0,134.0,360.0,1.0,2,1,0,0,1,0,1,0,1,75196.0
262,1,1,17830,0.0,155.0,36.0,1.0,2,0,0,0,0,0,1,0,0,17830.0
263,0,1,56438,0.0,120.0,360.0,1.0,1,0,0,0,1,1,0,0,0,56438.0
264,0,1,38976,0.0,128.0,360.0,1.0,2,1,0,1,1,1,0,0,0,38976.0
265,0,1,34220,3447.0,151.0,360.0,1.0,1,1,0,0,1,0,1,0,0,37667.0
266,2,1,88760,1387.0,150.0,360.0,1.0,2,1,1,0,1,0,0,0,1,90147.0
267,3,1,78880,1811.0,160.0,360.0,0.0,3,1,1,0,1,0,0,0,1,80691.0
268,0,1,63389,0.0,135.0,360.0,1.0,1,0,0,0,0,1,0,0,0,63389.0
269,1,1,98654,1560.0,90.0,360.0,1.0,3,0,0,0,1,1,0,0,0,100214.0
270,0,1,44530,0.0,30.0,360.0,1.0,3,0,0,0,1,0,0,0,1,44530.0
271,0,1,33390,0.0,136.0,360.0,1.0,3,1,1,0,1,1,0,0,0,33390.0
272,0,1,11789,1857.0,126.0,360.0,1.0,1,1,0,0,1,0,1,0,0,13646.0
273,0,1,89060,2223.0,150.0,360.0,1.0,2,1,1,0,1,1,0,0,0,91283.0
274,2,1,30098,0.0,90.0,360.0,1.0,2,1,1,0,1,0,1,0,0,30098.0
275,1,1,87654,1842.0,115.0,360.0,1.0,2,1,1,0,1,1,0,0,0,89496.0
276,0,1,44778,3274.0,207.0,360.0,1.0,2,1,1,0,1,1,0,0,0,48052.0
277,0,1,66554,1300.0,80.0,360.0,1.0,3,1,1,0,1,0,1,0,1,67854.0
278,0,1,87543,0.0,436.0,360.0,1.0,2,1,1,0,1,0,0,0,1,87543.0
279,0,0,66448,0.0,124.0,360.0,0.8421985815602837,1,0,1,0,1,1,0,0,0,66448.0
280,1,0,33890,2426.0,158.0,360.0,0.0,3,1,0,1,0,0,1,0,0,36316.0
281,0,1,44906,800.0,112.0,360.0,1.0,2,1,1,0,1,1,0,0,0,45706.0
282,2,1,33066,985.7999878,78.0,180.0,1.0,3,1,1,0,1,0,1,0,0,34051.7999878
283,0,1,66770,1666.0,54.0,360.0,1.0,3,0,0,0,1,0,0,0,1,68436.0
284,0,1,78930,0.0,146.41216216216216,360.0,1.0,1,1,1,0,0,1,0,0,0,78930.0
285,0,1,77788,3053.0,89.0,360.0,1.0,1,1,0,0,1,1,0,0,0,80841.0
286,0,1,66543,1717.0,99.0,300.0,1.0,2,0,0,1,0,0,0,0,1,68260.0
287,0,1,33890,2000.0,120.0,360.0,1.0,1,1,1,0,1,1,0,0,0,35890.0
288,0,1,77443,0.0,115.0,360.0,1.0,2,0,0,0,1,0,1,0,1,77443.0
289,0,1,78445,0.0,187.0,360.0,1.0,1,1,0,0,1,0,1,0,1,78445.0
290,0,1,41087,2416.0,139.0,360.0,1.0,1,1,1,0,1,1,0,0,0,43503.0
291,2,1,84000,0.0,127.0,360.0,0.0,2,1,1,0,0,0,1,0,1,84000.0
292,2,1,67540,1560.0,134.0,360.0,1.0,3,1,1,0,1,0,0,0,1,69100.0
293,0,1,56437,0.0,143.0,480.0,0.0,3,0,0,0,0,1,0,0,0,56437.0
294,0,1,46789,3334.0,172.0,360.0,1.0,2,1,1,0,1,0,0,0,1,50123.0
295,3,1,76498,1250.0,110.0,360.0,1.0,3,1,1,0,1,1,0,0,0,77748.0
296,1,1,54768,0.0,200.0,360.0,1.0,2,1,1,0,1,0,1,0,1,54768.0
297,1,1,76398,0.0,135.0,360.0,1.0,3,0,1,0,1,0,0,0,1,76398.0
298,0,1,37000,2541.0,151.0,480.0,1.0,1,0,0,0,0,0,0,0,0,39541.0
299,1,1,40000,2925.0,113.0,360.0,1.0,3,1,1,0,0,0,1,0,0,42925.0
300,0,0,25000,2934.0,93.0,360.0,0.0,3,1,1,0,0,0,0,0,0,27934.0
301,0,0,30000,1750.0,105.0,360.0,1.0,2,1,1,0,1,0,0,0,0,31750.0
302,0,1,40000,0.0,132.0,360.0,1.0,1,0,0,0,1,1,0,0,0,40000.0
303,1,1,50000,1803.0,96.0,360.0,1.0,3,1,1,0,1,0,1,0,1,51803.0
304,0,1,37000,2500.0,140.0,360.0,1.0,1,1,0,0,1,0,0,0,0,39500.0
305,0,0,48000,0.0,146.41216216216216,360.0,1.0,3,1,0,0,0,0,0,0,1,48000.0
306,0,1,67000,1666.0,135.0,360.0,1.0,1,0,0,0,1,0,1,0,1,68666.0
307,0,1,100000,1863.0,104.0,360.0,0.0,3,0,0,0,0,0,0,0,1,101863.0
308,0,1,45000,0.0,480.0,360.0,1.0,1,1,0,0,0,0,0,0,1,45000.0
309,2,0,50000,0.0,185.0,360.0,0.8421985815602837,1,1,1,0,1,0,0,0,1,50000.0
310,0,1,18000,0.0,84.0,360.0,1.0,2,0,0,0,1,0,1,0,0,18000.0
311,0,0,34000,2405.0,111.0,360.0,1.0,2,1,0,0,1,0,0,0,0,36405.0
312,0,1,27000,0.0,56.0,360.0,1.0,1,0,0,0,1,0,1,0,0,27000.0
313,2,1,50000,0.0,144.0,84.0,0.8421985815602837,1,1,1,1,1,0,1,0,1,50000.0
314,0,1,19000,1843.0,159.0,360.0,1.0,1,1,1,0,0,0,0,0,0,20843.0
315,1,0,72580,1640.0,111.0,180.0,1.0,3,1,1,0,1,0,0,0,1,74220.0
316,2,1,42888,0.0,120.0,360.0,1.0,2,1,1,0,1,0,0,0,1,42888.0
317,0,1,49800,2134.0,88.0,360.0,0.8421985815602837,3,1,1,0,1,1,0,0,0,51934.0
318,1,1,55000,0.0,112.0,360.0,0.8421985815602837,2,0,0,0,1,1,0,0,0,55000.0
319,1,1,30833,0.0,155.0,360.0,1.0,1,1,1,1,0,1,0,0,0,30833.0
320,0,1,50000,2167.0,115.0,360.0,1.0,2,1,1,0,1,0,1,0,1,52167.0
321,3,1,16470,189.0,124.0,360.0,1.0,2,1,1,0,1,1,0,0,0,16659.0
322,2,0,34000,1590.0,146.41216216216216,360.0,1.0,1,1,1,0,1,0,0,0,0,35590.0
323,0,1,16000,2985.0,132.0,360.0,0.8421985815602837,1,0,0,0,1,1,0,0,0,18985.0
324,3,1,56790,0.0,300.0,360.0,1.0,1,1,1,0,1,0,1,0,1,56790.0
325,1,1,28750,4983.0,376.0,360.0,0.0,1,1,1,1,0,1,0,0,0,33733.0
326,0,1,72000,0.0,130.0,360.0,0.0,1,1,0,0,1,1,0,0,0,72000.0
327,0,1,15000,2160.0,184.0,360.0,1.0,2,1,1,1,1,0,0,0,0,17160.0
328,0,1,26000,2451.0,110.0,360.0,1.0,3,0,1,0,0,0,1,0,0,28451.0
329,0,1,35000,0.0,67.0,360.0,1.0,3,0,0,0,1,0,1,0,0,35000.0
330,1,1,27890,1793.0,117.0,360.0,1.0,3,1,0,0,1,0,0,0,0,29683.0
331,0,1,96990,0.0,98.0,360.0,1.0,2,1,0,0,1,0,1,0,1,96990.0
332,0,1,36210,0.0,71.0,360.0,1.0,3,1,0,0,1,0,1,0,0,36210.0
333,0,1,56000,0.0,490.0,180.0,1.0,3,1,1,0,1,0,0,0,0,56000.0
334,1,1,12000,1833.0,182.0,180.0,1.0,3,1,1,1,1,0,1,0,0,13833.0
335,0,1,67900,4490.0,70.0,342.0,1.0,2,1,1,1,1,0,0,0,1,72390.0
336,1,1,45690,688.0,160.0,360.0,1.0,1,1,1,0,1,1,0,0,0,46378.0
337,2,1,54789,4600.0,176.0,360.0,1.0,1,1,1,1,1,0,0,0,1,59389.0
338,3,0,23000,0.0,146.41216216216216,360.0,0.0,3,0,0,0,0,0,0,0,0,23000.0
339,0,1,46789,0.0,71.0,360.0,1.0,2,0,0,0,1,0,0,0,0,46789.0
340,3,0,67000,1587.0,173.0,360.0,1.0,1,1,1,0,0,0,0,0,1,68587.0
341,0,1,45890,0.0,46.0,360.0,1.0,1,0,0,0,0,0,1,0,0,45890.0
342,1,0,34560,1229.0,158.0,360.0,1.0,3,1,1,0,1,0,0,0,0,35789.0
343,3,0,12000,0.0,74.0,360.0,1.0,2,1,1,0,1,0,1,0,0,12000.0
344,2,1,81230,2330.0,125.0,360.0,1.0,1,1,1,0,1,1,0,0,0,83560.0
345,0,1,12000,2458.0,160.0,360.0,1.0,2,1,1,0,1,0,1,0,0,14458.0
346,0,0,9000,3230.0,152.0,360.0,0.0,1,1,1,0,0,0,0,0,0,12230.0
347,2,0,89789,2168.0,126.0,360.0,1.0,3,1,1,0,1,0,0,0,1,91957.0
348,0,1,78900,4583.0,259.0,360.0,0.8421985815602837,2,1,1,0,1,0,1,0,1,83483.0
349,0,1,26000,6250.0,187.0,360.0,1.0,1,1,1,0,1,1,0,0,0,32250.0
350,0,1,12000,0.0,228.0,360.0,1.0,2,1,1,0,1,0,1,0,0,12000.0
351,0,1,22980,4167.0,308.0,360.0,1.0,1,1,0,0,0,1,0,0,0,27147.0
352,3,1,60000,2083.0,95.0,360.0,1.0,1,1,1,0,1,1,0,0,0,62083.0
353,0,1,17890,0.0,105.0,360.0,0.0,1,0,1,1,0,0,1,0,0,17890.0
354,0,1,32345,505.0,130.0,360.0,1.0,2,0,1,0,1,0,1,0,0,32850.0
355,0,1,75000,0.0,116.0,180.0,1.0,3,0,0,0,1,0,1,0,1,75000.0
356,2,1,45000,3167.0,165.0,360.0,1.0,1,1,1,0,1,0,0,0,1,48167.0
357,1,1,34000,0.0,67.0,360.0,1.0,3,1,1,0,0,0,0,0,0,34000.0
358,0,0,24000,1666.0,100.0,480.0,0.0,3,1,1,0,0,0,0,0,0,25666.0
359,3,1,55000,3167.0,200.0,360.0,1.0,2,1,1,0,1,0,1,0,1,58167.0
360,1,1,45000,0.0,81.0,360.0,1.0,2,0,0,0,0,0,1,0,1,45000.0
361,2,1,34980,3667.0,236.0,360.0,1.0,2,1,1,0,1,0,1,0,0,38647.0
362,0,1,70456,2333.0,130.0,360.0,1.0,3,1,1,0,1,0,1,0,1,72789.0
363,0,1,45000,3033.0,95.0,300.0,0.8421985815602837,3,1,1,0,1,0,0,0,1,48033.0
364,0,1,32389,0.0,141.0,360.0,1.0,1,1,0,1,1,1,0,0,0,32389.0
365,0,0,12000,0.0,133.0,360.0,1.0,1,1,0,0,0,0,0,0,0,12000.0
366,0,1,10200,0.0,96.0,480.0,1.0,2,1,0,0,0,0,0,0,0,10200.0
367,0,1,25000,0.0,124.0,342.0,0.0,1,1,0,0,0,1,0,0,0,25000.0
368,1,1,18500,0.0,175.0,360.0,1.0,2,1,1,0,1,0,1,0,0,18500.0
369,0,1,23000,5266.0,570.0,360.0,1.0,1,1,1,0,0,0,1,0,0,28266.0
370,0,1,38000,0.0,55.0,360.0,1.0,2,0,0,1,1,1,0,0,0,38000.0
371,2,1,22000,0.0,155.0,360.0,1.0,2,1,1,0,1,1,0,0,0,22000.0
372,2,1,33000,7873.0,380.0,300.0,1.0,1,1,1,1,1,0,0,0,0,40873.0
373,1,1,45000,1987.0,111.0,180.0,0.0,3,1,0,0,0,0,1,0,1,46987.0
374,0,1,60000,1459.0,110.0,360.0,1.0,3,0,0,0,1,0,1,0,1,61459.0
375,0,1,12000,923.0,120.0,180.0,1.0,3,1,1,0,1,0,1,0,0,12923.0
376,3,1,12000,4996.0,130.0,360.0,1.0,1,1,1,0,1,0,1,0,0,16996.0
377,0,1,19000,0.0,130.0,360.0,0.8421985815602837,2,1,1,0,1,0,0,0,0,19000.0
378,0,1,70000,0.0,71.0,480.0,1.0,3,1,0,0,0,0,1,0,1,70000.0
379,2,1,14500,0.0,130.0,360.0,1.0,3,1,1,0,1,0,1,0,0,14500.0
380,0,1,30000,2500.0,128.0,360.0,1.0,2,1,1,0,1,0,0,0,0,32500.0
381,0,1,12200,4232.0,296.0,360.0,1.0,2,1,0,0,1,0,1,0,0,16432.0
382,0,1,66000,0.0,156.0,360.0,1.0,3,0,0,0,1,0,1,0,1,66000.0
383,0,1,16000,0.0,128.0,360.0,1.0,3,1,0,1,1,0,1,0,0,16000.0
384,2,1,34000,0.0,100.0,360.0,1.0,3,1,1,0,0,0,1,0,0,34000.0
385,1,1,15000,0.0,113.0,180.0,1.0,3,1,0,0,1,0,0,0,0,15000.0
386,0,0,19500,1600.0,132.0,360.0,1.0,2,1,0,0,1,0,0,0,0,21100.0
387,0,0,75000,3136.0,146.41216216216216,360.0,0.0,3,1,1,0,0,0,0,0,1,78136.0
388,0,1,35000,2417.0,136.0,360.0,1.0,3,1,1,0,1,0,1,0,0,37417.0
389,0,1,24000,0.0,125.0,360.0,1.0,1,1,1,0,1,1,0,0,0,24000.0
390,3,1,15000,0.0,185.0,360.0,1.0,1,1,0,0,1,0,1,0,0,15000.0
391,3,1,13400,0.0,275.0,360.0,1.0,1,1,1,0,1,0,1,0,0,13400.0
392,0,1,55000,2115.0,120.0,360.0,0.8421985815602837,3,1,1,0,1,0,1,0,1,57115.0
393,2,0,40000,1625.0,113.0,180.0,1.0,2,1,1,0,1,0,0,0,1,41625.0
394,2,1,25000,1400.0,113.0,360.0,1.0,3,1,1,0,1,0,1,0,0,26400.0
395,2,1,17890,484.0,135.0,360.0,0.8421985815602837,2,1,1,0,1,0,1,0,0,18374.0
396,0,1,67000,0.0,71.0,360.0,0.0,3,0,0,0,0,0,1,0,1,67000.0
397,0,1,85000,1459.0,95.0,360.0,1.0,3,1,1,0,1,0,1,0,1,86459.0
398,0,0,80000,1666.0,109.0,360.0,1.0,1,1,0,0,1,0,0,0,1,81666.0
399,0,1,15000,1800.0,103.0,360.0,0.0,2,0,0,0,0,0,1,0,1,16800.0
400,2,0,85000,0.0,45.0,180.0,0.0,3,1,1,0,0,0,0,0,1,85000.0
401,0,0,15000,0.0,65.0,300.0,1.0,1,1,0,0,0,0,0,0,0,15000.0
402,0,1,19000,20000.0,103.0,360.0,1.0,2,1,0,0,1,0,1,0,0,39000.0
403,0,0,30000,0.0,53.0,360.0,1.0,2,0,0,0,1,0,0,0,0,30000.0
404,0,1,25000,0.0,194.0,360.0,1.0,1,0,0,1,0,1,0,0,0,25000.0
405,0,1,18678,0.0,115.0,360.0,1.0,2,0,0,0,1,0,1,0,0,18678.0
406,0,0,50000,2400.0,115.0,360.0,1.0,3,1,1,0,1,0,0,0,1,52400.0
407,0,0,23000,0.0,66.0,360.0,1.0,1,0,0,0,1,0,0,0,0,23000.0
408,1,1,17850,0.0,152.0,300.0,0.0,2,1,1,0,0,0,1,0,0,17850.0
409,3,1,35000,0.0,360.0,360.0,0.0,1,1,1,0,0,1,0,0,0,35000.0
410,1,0,35000,0.0,62.0,360.0,1.0,2,0,0,1,0,0,0,0,0,35000.0
411,0,1,45000,0.0,160.0,360.0,0.8421985815602837,3,1,1,0,1,0,1,0,1,45000.0
412,0,0,12000,0.0,218.0,360.0,0.0,1,1,1,0,0,0,0,0,0,12000.0
413,0,0,23000,2033.0,110.0,360.0,1.0,1,1,1,0,1,0,0,0,0,25033.0
414,0,0,15000,3237.0,178.0,360.0,0.0,2,0,1,0,0,0,0,0,0,18237.0
415,0,1,13000,0.0,60.0,360.0,1.0,3,0,0,0,1,0,1,0,0,13000.0
416,1,1,18000,0.0,160.0,360.0,1.0,3,0,0,0,0,0,1,0,0,18000.0
417,2,1,25000,20000.0,239.0,360.0,1.0,3,1,1,1,0,0,1,0,0,45000.0
418,0,1,18000,2773.0,112.0,360.0,1.0,1,1,1,0,1,0,0,0,0,20773.0
419,0,1,19000,1417.0,138.0,360.0,1.0,2,1,1,0,1,0,1,0,0,20417.0
420,0,1,13000,0.0,138.0,360.0,1.0,1,1,1,0,1,1,0,0,0,13000.0
421,0,0,25000,0.0,80.0,342.0,0.0,3,0,0,0,0,0,0,0,0,25000.0
422,0,1,12340,1719.0,100.0,360.0,1.0,3,1,1,0,1,0,1,0,0,14059.0
423,1,1,11900,1667.0,110.0,342.0,0.0,3,1,1,0,0,0,1,0,0,13567.0
424,0,1,12000,0.0,96.0,360.0,1.0,2,1,1,0,1,0,1,0,0,12000.0
425,0,1,25000,4300.0,121.0,360.0,1.0,1,1,1,0,1,0,1,0,0,29300.0
426,1,0,13000,0.0,81.0,360.0,1.0,1,0,0,0,0,0,0,0,0,13000.0
427,2,1,20000,0.0,133.0,360.0,1.0,2,1,1,0,1,0,1,0,0,20000.0
428,0,1,24800,16.12000084,87.0,360.0,1.0,1,1,1,0,1,1,0,0,0,24816.12000084
429,0,0,55000,0.0,60.0,180.0,1.0,3,1,0,0,1,0,0,0,1,55000.0
430,1,1,32000,0.0,150.0,360.0,1.0,2,0,0,1,1,0,0,0,0,32000.0
431,0,1,19000,0.0,105.0,360.0,0.0,1,1,0,0,0,1,0,0,0,19000.0
432,0,1,25000,0.0,405.0,360.0,1.0,2,1,0,0,1,0,1,0,0,25000.0
433,0,1,17000,2340.0,143.0,360.0,1.0,2,1,1,0,1,0,1,0,1,19340.0
434,0,1,35000,0.0,100.0,360.0,1.0,3,1,0,0,1,0,1,0,0,35000.0
435,0,1,10047,0.0,146.41216216216216,240.0,1.0,2,0,1,0,1,0,0,0,1,10047.0
436,0,1,29000,1851.0,50.0,360.0,1.0,2,1,0,0,1,0,1,0,0,30851.0
437,0,1,40000,1125.0,146.41216216216216,360.0,1.0,3,1,1,0,1,0,1,0,0,41125.0
438,0,1,13000,0.0,187.0,360.0,0.0,3,1,0,1,0,0,1,0,0,13000.0
439,0,0,21000,0.0,138.0,360.0,1.0,1,0,1,1,1,0,0,0,0,21000.0
440,0,1,21000,5064.0,187.0,360.0,1.0,2,1,0,0,1,0,1,0,1,26064.0
441,0,1,13000,1833.0,180.0,360.0,1.0,1,1,1,0,1,0,1,0,0,14833.0
442,3,0,23000,1993.0,148.0,360.0,1.0,2,1,0,0,1,0,0,0,0,24993.0
443,1,1,37719,0.0,152.0,360.0,1.0,2,1,0,0,1,0,1,0,0,37719.0
444,0,1,21000,8333.0,175.0,300.0,0.8421985815602837,1,1,1,0,1,0,1,0,0,29333.0
445,1,1,12000,1210.0,130.0,360.0,1.0,1,1,1,1,1,0,1,0,0,13210.0
446,2,0,15000,0.0,110.0,360.0,1.0,1,1,1,0,1,0,0,0,0,15000.0
447,0,1,23000,1376.0,55.0,360.0,1.0,1,1,1,0,0,0,1,0,0,24376.0
448,2,1,23450,1710.0,150.0,360.0,0.0,1,1,1,0,0,1,0,0,0,25160.0
449,1,0,27690,1542.0,190.0,360.0,0.8421985815602837,2,1,0,1,0,0,0,0,1,29232.0
450,2,0,23090,1255.0,125.0,360.0,0.0,1,1,1,0,0,0,0,0,1,24345.0
451,2,0,1958,1456.0,60.0,300.0,0.8421985815602837,3,1,1,0,1,0,0,0,1,3414.0
452,0,1,3948,1733.0,149.0,360.0,0.0,1,1,1,0,0,1,0,0,0,5681.0
453,0,1,2483,2466.0,90.0,180.0,0.0,1,1,1,0,1,1,0,0,0,4949.0
454,0,1,7085,0.0,84.0,360.0,1.0,2,1,0,1,1,0,1,0,1,7085.0
455,2,1,3859,0.0,96.0,360.0,1.0,2,1,1,0,1,1,0,0,0,3859.0
456,0,1,4301,0.0,118.0,360.0,1.0,3,1,1,0,1,0,0,1,0,4301.0
457,0,1,3708,2569.0,173.0,360.0,1.0,3,1,1,0,0,1,0,0,0,6277.0
458,2,1,4354,0.0,136.0,360.0,1.0,1,1,0,0,1,1,0,0,0,4354.0
459,0,1,8334,0.0,160.0,360.0,1.0,2,1,1,0,0,0,1,0,1,8334.0
460,0,1,2083,4083.0,160.0,360.0,0.8421985815602837,2,1,1,1,1,0,1,0,1,6166.0
461,3,1,7740,0.0,128.0,180.0,1.0,3,1,1,0,1,0,1,0,0,7740.0
462,0,1,3015,2188.0,153.0,360.0,1.0,1,1,1,0,1,0,0,0,1,5203.0
463,1,0,5191,0.0,132.0,360.0,1.0,2,0,0,0,1,0,1,0,1,5191.0
464,0,1,4166,0.0,98.0,360.0,0.0,2,1,0,0,0,0,1,0,1,4166.0
465,0,1,6000,0.0,140.0,360.0,1.0,1,1,0,0,1,0,1,0,1,6000.0
466,3,0,2947,1664.0,70.0,180.0,0.0,3,1,1,0,0,0,0,0,1,4611.0
467,0,1,16692,0.0,110.0,360.0,1.0,2,1,1,0,1,1,0,0,1,16692.0
468,2,0,210,2917.0,98.0,360.0,1.0,2,0,1,0,1,0,1,0,0,3127.0
469,0,1,4333,2451.0,110.0,360.0,1.0,3,1,1,0,0,0,1,0,1,6784.0
470,1,1,3450,2079.0,162.0,360.0,1.0,2,1,1,1,1,1,0,0,0,5529.0
471,1,0,2653,1500.0,113.0,180.0,0.0,1,1,1,0,0,1,0,0,0,4153.0
472,3,1,4691,0.0,100.0,360.0,1.0,2,1,1,0,1,0,1,0,1,4691.0
473,0,1,2500,0.0,93.0,360.0,0.8421985815602837,3,0,0,1,1,0,1,0,1,2500.0
474,2,1,5532,4648.0,162.0,360.0,1.0,1,1,0,0,1,0,1,0,1,10180.0
475,2,1,16525,1014.0,150.0,360.0,1.0,1,1,1,1,1,0,1,0,1,17539.0
476,2,1,6700,1750.0,230.0,300.0,1.0,2,1,1,0,1,0,1,0,1,8450.0
477,2,1,2873,1872.0,132.0,360.0,0.0,2,1,1,0,0,0,1,0,1,4745.0
478,1,1,16667,2250.0,86.0,360.0,1.0,2,1,1,1,1,0,1,0,1,18917.0
479,2,1,2947,1603.0,146.41216216216216,360.0,1.0,3,1,1,0,0,0,1,0,1,4550.0
480,0,0,4350,0.0,154.0,360.0,1.0,1,0,0,0,1,0,0,0,1,4350.0
481,3,0,3095,0.0,113.0,360.0,1.0,1,1,1,0,1,0,0,0,1,3095.0
482,0,1,2083,3150.0,128.0,360.0,1.0,2,1,1,0,1,0,1,0,1,5233.0
483,0,1,10833,0.0,234.0,360.0,1.0,2,1,1,0,1,0,0,1,1,10833.0
484,2,1,8333,0.0,246.0,360.0,1.0,2,1,1,0,1,0,0,1,1,8333.0
485,1,0,1958,2436.0,131.0,360.0,1.0,1,1,1,0,1,0,0,1,0,4394.0
486,2,1,3547,0.0,80.0,360.0,0.0,1,1,0,0,0,0,1,0,1,3547.0
487,1,1,18333,0.0,500.0,360.0,1.0,3,1,1,0,0,1,0,0,0,18333.0
488,2,1,4583,2083.0,160.0,360.0,1.0,2,1,1,1,1,1,0,0,1,6666.0
489,0,1,2435,0.0,75.0,360.0,1.0,3,1,0,0,0,0,1,0,1,2435.0
490,0,0,2699,2785.0,96.0,360.0,0.8421985815602837,2,1,0,0,1,0,0,0,1,5484.0
491,1,0,5333,1131.0,186.0,360.0,0.8421985815602837,3,1,1,0,1,0,0,0,1,6464.0
492,0,0,3691,0.0,110.0,360.0,1.0,1,1,0,0,1,0,0,0,1,3691.0
493,0,0,17263,0.0,225.0,360.0,1.0,2,0,0,1,1,0,0,0,1,17263.0
494,0,1,3597,2157.0,119.0,360.0,0.0,1,1,1,0,0,1,0,0,0,5754.0
495,1,1,3326,913.0,105.0,84.0,1.0,2,0,1,0,1,1,0,0,0,4239.0
496,0,0,2600,1700.0,107.0,360.0,1.0,1,1,1,0,1,0,1,0,1,4300.0
497,0,1,4625,2857.0,111.0,12.0,0.8421985815602837,3,1,1,0,1,0,1,0,1,7482.0
498,1,1,2895,0.0,95.0,360.0,1.0,2,1,1,1,1,0,1,0,1,2895.0
499,0,1,6283,4416.0,209.0,360.0,0.0,1,1,0,0,0,0,1,0,1,10699.0
500,0,1,645,3683.0,113.0,480.0,1.0,1,0,0,0,1,1,0,0,0,4328.0
501,0,1,3159,0.0,100.0,360.0,1.0,2,0,0,0,1,0,0,1,1,3159.0
502,2,1,4865,5624.0,208.0,360.0,1.0,2,1,1,0,1,0,0,1,1,10489.0
503,1,0,4050,5302.0,138.0,360.0,0.8421985815602837,1,1,1,0,0,0,0,0,1,9352.0
504,0,0,3814,1483.0,124.0,300.0,1.0,2,1,1,0,1,0,0,0,1,5297.0
505,2,1,3510,4416.0,243.0,360.0,1.0,1,1,1,0,1,0,0,1,1,7926.0
506,0,1,20833,6667.0,480.0,360.0,0.8421985815602837,3,1,1,0,1,0,0,1,1,27500.0
507,0,1,3583,0.0,96.0,360.0,1.0,3,1,0,0,0,0,0,1,1,3583.0
508,0,1,2479,3013.0,188.0,360.0,1.0,3,1,1,1,1,0,0,1,1,5492.0
509,1,1,13262,0.0,40.0,360.0,1.0,3,0,0,0,1,0,0,1,1,13262.0
510,0,0,3598,1287.0,100.0,360.0,1.0,1,1,0,0,0,1,0,0,0,4885.0
511,1,1,6065,2004.0,250.0,360.0,1.0,2,1,1,0,1,0,1,0,1,8069.0
512,2,1,3283,2035.0,148.0,360.0,1.0,3,1,1,0,1,0,1,0,1,5318.0
513,0,1,2130,6666.0,70.0,180.0,1.0,2,1,1,0,0,1,0,0,0,8796.0
514,0,1,5815,3666.0,311.0,360.0,1.0,1,1,0,0,0,0,1,0,1,9481.0
515,3,1,3466,3428.0,150.0,360.0,1.0,1,1,1,0,1,1,0,0,1,6894.0
516,2,1,2031,1632.0,113.0,480.0,1.0,2,0,1,0,1,1,0,0,0,3663.0
517,0,0,3074,1800.0,123.0,360.0,0.0,2,1,1,0,0,0,1,0,1,4874.0
518,0,1,4683,1915.0,185.0,360.0,1.0,2,1,0,0,0,0,0,1,1,6598.0
519,0,0,3400,0.0,95.0,360.0,1.0,1,0,0,0,0,0,0,0,1,3400.0
520,2,0,2192,1742.0,45.0,360.0,1.0,2,1,1,0,1,0,0,0,1,3934.0
521,0,1,2500,0.0,55.0,360.0,1.0,2,1,0,0,1,1,0,0,1,2500.0
522,3,1,5677,1424.0,100.0,360.0,1.0,1,1,1,1,1,0,1,0,1,7101.0
523,2,1,7948,7166.0,480.0,360.0,1.0,1,1,1,1,1,0,0,0,1,15114.0
524,0,1,4680,2087.0,146.41216216216216,360.0,1.0,2,1,0,0,0,1,0,0,0,6767.0
525,2,1,17500,0.0,400.0,360.0,1.0,1,1,1,1,1,0,1,0,1,17500.0
526,0,1,3775,0.0,110.0,360.0,1.0,2,1,1,0,1,1,0,0,0,3775.0
527,1,0,5285,1430.0,161.0,360.0,0.0,2,1,1,0,1,0,0,0,1,6715.0
528,1,0,2679,1302.0,94.0,360.0,1.0,2,1,0,0,1,0,0,0,1,3981.0
529,0,0,6783,0.0,130.0,360.0,1.0,2,1,0,0,1,0,1,0,1,6783.0
530,0,1,1025,5500.0,216.0,360.0,0.8421985815602837,1,1,1,0,1,1,0,0,0,6525.0
531,3,1,4281,0.0,100.0,360.0,1.0,3,1,1,0,1,1,0,0,1,4281.0
532,2,1,3588,0.0,110.0,360.0,0.0,1,1,0,0,0,1,0,0,1,3588.0
533,1,1,11250,0.0,196.0,360.0,0.8421985815602837,2,1,0,0,0,0,1,0,1,11250.0
534,0,0,18165,0.0,125.0,360.0,1.0,3,0,0,1,1,0,0,0,1,18165.0
535,0,0,2550,2042.0,126.0,360.0,1.0,1,1,0,0,1,0,0,0,1,4592.0
536,0,1,6133,3906.0,324.0,360.0,1.0,3,1,1,0,1,0,1,0,1,10039.0
537,2,1,3617,0.0,107.0,360.0,1.0,2,1,0,0,1,1,0,0,0,3617.0
538,0,0,2917,536.0,66.0,360.0,1.0,1,1,1,0,0,1,0,0,0,3453.0
539,3,1,6417,0.0,157.0,180.0,1.0,1,1,1,0,1,0,1,0,1,6417.0
540,1,1,4608,2845.0,140.0,180.0,1.0,2,0,1,0,1,0,1,0,0,7453.0
541,0,1,2138,0.0,99.0,360.0,0.0,2,0,0,0,0,0,1,0,1,2138.0
542,1,1,3652,0.0,95.0,360.0,1.0,2,0,0,0,1,0,1,0,1,3652.0
543,1,0,2239,2524.0,128.0,360.0,1.0,3,1,1,0,1,0,1,0,1,4763.0
544,0,0,3017,663.0,102.0,360.0,0.8421985815602837,2,0,1,0,1,0,0,0,1,3680.0
545,0,1,2768,1950.0,155.0,360.0,1.0,1,1,1,0,1,0,0,0,1,4718.0
546,0,0,3358,0.0,80.0,36.0,1.0,2,1,0,0,0,0,1,0,0,3358.0
547,0,1,2526,1783.0,145.0,360.0,1.0,1,1,0,0,1,1,0,0,0,4309.0
548,0,1,5000,0.0,103.0,360.0,0.0,2,0,0,0,0,1,0,0,0,5000.0
549,0,1,2785,2016.0,110.0,360.0,1.0,1,1,1,0,1,0,1,0,1,4801.0
550,2,1,6633,0.0,146.41216216216216,360.0,0.0,1,1,1,1,0,0,0,1,1,6633.0
551,1,0,2492,2375.0,146.41216216216216,360.0,1.0,1,1,1,0,1,0,0,0,0,4867.0
552,1,1,3333,3250.0,158.0,360.0,1.0,3,1,1,0,1,1,0,0,0,6583.0
553,0,0,2454,2333.0,181.0,360.0,0.0,3,1,1,0,0,1,0,0,0,4787.0
554,0,1,3593,4266.0,132.0,180.0,0.0,1,1,1,0,0,1,0,0,0,7859.0
555,1,1,5468,1032.0,26.0,360.0,1.0,2,1,1,0,1,1,0,0,0,6500.0
556,0,1,2667,1625.0,84.0,360.0,0.8421985815602837,3,0,0,0,1,1,0,0,0,4292.0
557,3,1,10139,0.0,260.0,360.0,1.0,2,1,1,1,1,1,0,0,0,10139.0
558,0,1,3887,2669.0,162.0,360.0,1.0,2,1,1,0,1,0,1,0,1,6556.0
559,0,1,4180,2306.0,182.0,360.0,1.0,2,0,1,0,1,0,0,0,1,6486.0
560,2,0,3675,242.0,108.0,360.0,1.0,2,1,1,0,1,1,0,0,0,3917.0
561,1,1,19484,0.0,600.0,360.0,1.0,2,0,1,1,1,0,1,0,1,19484.0
562,0,1,5923,2054.0,211.0,360.0,1.0,1,1,1,0,1,0,1,0,1,7977.0
563,0,0,5800,0.0,132.0,360.0,1.0,2,1,0,1,1,0,0,0,1,5800.0
564,2,1,8799,0.0,258.0,360.0,0.0,3,1,1,0,0,0,1,0,1,8799.0
565,0,0,4467,0.0,120.0,360.0,0.8421985815602837,1,1,1,0,1,0,0,0,1,4467.0
566,0,1,3333,0.0,70.0,360.0,1.0,3,1,0,0,1,0,1,0,1,3333.0
567,3,1,3400,2500.0,123.0,360.0,0.0,1,1,1,0,0,1,0,0,0,5900.0
568,0,1,2378,0.0,9.0,360.0,1.0,3,0,0,0,0,1,0,0,1,2378.0
569,0,1,3166,2064.0,104.0,360.0,0.0,3,1,1,0,0,0,1,0,1,5230.0
570,1,1,3417,1750.0,186.0,360.0,1.0,3,1,1,0,1,0,1,0,1,5167.0
571,0,1,5116,1451.0,165.0,360.0,0.0,3,1,1,0,0,0,1,0,1,6567.0
572,2,1,16666,0.0,275.0,360.0,1.0,3,1,1,0,1,0,1,0,1,16666.0
573,2,0,6125,1625.0,187.0,480.0,1.0,2,1,1,0,0,0,1,0,1,7750.0
574,3,1,6406,0.0,150.0,360.0,1.0,2,1,1,0,0,0,0,0,1,6406.0
575,2,1,3159,461.0,108.0,84.0,1.0,3,1,1,0,1,1,0,0,0,3620.0
576,0,1,3087,2210.0,136.0,360.0,0.0,2,1,1,0,0,1,0,0,0,5297.0
577,0,1,3229,2739.0,110.0,360.0,1.0,3,1,0,0,1,0,1,0,1,5968.0
578,1,1,1782,2232.0,107.0,360.0,1.0,1,1,1,0,1,1,0,0,0,4014.0
579,0,1,3182,2917.0,161.0,360.0,1.0,3,1,0,0,1,0,1,0,1,6099.0
580,2,1,6540,0.0,205.0,360.0,1.0,2,1,1,0,1,0,0,0,1,6540.0
581,0,1,1836,33837.0,90.0,360.0,1.0,3,1,0,0,0,1,0,0,0,35673.0
582,0,1,3166,0.0,36.0,360.0,1.0,2,0,1,0,1,0,1,0,1,3166.0
583,1,1,1880,0.0,61.0,360.0,0.8421985815602837,1,1,1,0,0,1,0,0,0,1880.0
584,1,1,2787,1917.0,146.0,360.0,0.0,1,1,1,0,0,1,0,0,0,4704.0
585,1,1,4283,3000.0,172.0,84.0,1.0,1,1,1,0,0,0,1,0,1,7283.0
586,0,1,2297,1522.0,104.0,360.0,1.0,3,1,1,0,1,1,0,0,0,3819.0
587,0,0,2165,0.0,70.0,360.0,1.0,2,0,0,0,1,0,0,0,1,2165.0
588,0,1,4750,0.0,94.0,360.0,1.0,2,1,0,0,1,0,0,1,1,4750.0
589,2,1,2726,0.0,106.0,360.0,0.0,2,1,1,1,0,0,1,0,0,2726.0
590,0,1,3000,3416.0,56.0,180.0,1.0,2,1,1,0,1,0,0,0,1,6416.0
591,2,1,6000,0.0,205.0,240.0,1.0,2,1,1,1,0,0,1,0,1,6000.0
592,3,1,9357,0.0,292.0,360.0,1.0,2,1,0,1,1,0,1,0,1,9357.0
593,0,1,3859,3300.0,142.0,180.0,1.0,1,1,1,0,1,0,1,0,0,7159.0
594,0,1,16120,0.0,260.0,360.0,1.0,3,1,1,1,1,0,1,0,1,16120.0
595,0,0,3833,0.0,110.0,360.0,1.0,1,1,0,0,1,1,0,0,0,3833.0
596,2,0,6383,1000.0,187.0,360.0,1.0,1,1,1,1,0,0,0,0,1,7383.0
597,0,1,2987,0.0,88.0,360.0,0.0,2,1,0,0,0,1,0,0,0,2987.0
598,0,1,9963,0.0,180.0,360.0,1.0,1,1,1,1,1,0,1,0,1,9963.0
599,2,1,5780,0.0,192.0,360.0,1.0,3,1,1,0,1,0,1,0,0,5780.0
600,3,1,416,41667.0,350.0,180.0,0.8421985815602837,3,0,0,0,0,1,0,0,0,42083.0
601,0,0,2894,2792.0,155.0,360.0,1.0,1,1,1,0,1,0,0,0,1,5686.0
602,3,1,5703,0.0,128.0,360.0,1.0,3,1,1,0,1,0,1,0,1,5703.0
603,0,1,3676,4301.0,172.0,360.0,1.0,1,1,0,0,1,1,0,0,0,7977.0
604,1,1,12000,0.0,496.0,360.0,1.0,2,0,1,0,1,0,0,0,1,12000.0
605,0,0,2400,3800.0,146.41216216216216,180.0,1.0,3,1,1,0,0,0,0,0,1,6200.0
606,1,1,3400,2500.0,173.0,360.0,1.0,2,1,1,0,1,0,1,0,1,5900.0
607,2,0,3987,1411.0,157.0,360.0,1.0,1,1,1,0,1,0,0,0,1,5398.0
608,0,1,3232,1950.0,108.0,360.0,1.0,1,1,1,0,1,1,0,0,0,5182.0
609,0,1,2900,0.0,71.0,360.0,1.0,1,0,0,0,1,1,0,0,0,2900.0
610,3,1,4106,0.0,40.0,180.0,1.0,1,1,1,0,1,0,1,0,1,4106.0
611,1,1,8072,240.0,253.0,360.0,1.0,3,1,1,0,1,0,1,0,1,8312.0
612,2,1,7583,0.0,187.0,360.0,1.0,3,1,1,0,1,0,1,0,1,7583.0
613,0,1,4583,0.0,133.0,360.0,0.0,2,0,0,1,0,1,0,0,0,4583.0
